,City,Cloudiness,Country,Date,Humidity,Lat,Lng,Max Temp,Wind Speed
0,Ha Tinh,92,VN,1553568951,100,18.33,105.9,73.29,5.73
1,Colquechaca,92,BO,1553569111,97,-18.7,-66.0,45.03,1.92
2,Mar del Plata,68,AR,1553569112,100,-46.43,-67.52,47.55,6.06
3,Tasiilaq,88,GL,1553565000,86,65.61,-37.64,26.6,29.97
4,Hobart,75,AU,1553568914,38,-42.88,147.33,59.0,19.46
5,Rikitea,64,PF,1553569116,100,-23.12,-134.97,75.99,9.53
6,Aquiraz,20,BR,1553569105,88,-3.9,-38.39,81.0,2.24
7,Arraial do Cabo,0,BR,1553569118,99,-22.97,-42.02,76.26,4.16
8,East London,92,ZA,1553569119,100,-33.02,27.91,68.79,18.14
9,Hilo,40,US,1553568803,60,19.71,-155.08,75.2,11.41
10,Bluff,68,AU,1553568885,50,-23.58,149.07,87.15,4.61
11,Wanaka,64,NZ,1553569123,73,-44.7,169.14,64.47,6.62
12,Busselton,44,AU,1553569080,26,-33.64,115.35,78.01,14.23
13,Husavik,0,CA,1553569125,75,50.56,-96.99,24.51,9.08
14,Hasaki,75,JP,1553567400,93,35.73,140.83,57.0,2.24
15,Jafarpur,20,IN,1553567400,69,22.78,88.39,82.4,9.17
16,Qaanaaq,0,GL,1553569129,70,77.48,-69.36,-11.23,8.52
17,Syasstroy,92,RU,1553569130,93,60.14,32.56,29.28,4.72
18,Gunjur,40,GM,1553565600,82,13.18,-16.76,66.2,11.41
19,Thompson,75,CA,1553565600,39,55.74,-97.86,30.2,8.05
20,Esna,8,RO,1553569134,67,45.2,27.57,45.39,11.32
21,Kodiak,40,US,1553569112,75,39.95,-94.76,46.99,8.05
22,Umm Kaddadah,0,SD,1553569136,23,13.6,26.69,67.08,13.33
23,Ushuaia,75,AR,1553565600,65,-54.81,-68.31,46.4,24.16
24,Punta Arenas,40,CL,1553568747,65,-53.16,-70.91,44.6,6.93
25,Jamestown,0,AU,1553569140,63,-33.21,138.6,66.18,7.96
26,Yarensk,80,RU,1553569141,86,62.17,49.09,30.72,10.76
27,Sinnamary,100,GF,1553569142,92,5.38,-52.96,80.49,10.76
28,Upernavik,88,GL,1553569143,100,72.79,-56.15,2.73,12.44
29,Bambari,24,CF,1553569145,87,5.77,20.68,73.38,8.75
30,Mataura,88,NZ,1553568607,90,-46.19,168.86,62.01,1.99
31,Belen,75,TR,1553568979,62,36.49,36.19,55.4,13.87
32,Cape Town,0,ZA,1553568792,72,-33.93,18.42,64.0,21.92
33,Ilulissat,88,GL,1553565000,85,69.22,-51.1,23.0,10.29
34,Hokitika,100,NZ,1553569151,96,-42.72,170.96,65.91,27.42
35,Castro,0,CL,1553565600,81,-42.48,-73.76,50.0,11.41
36,Yatou,75,CM,1553565600,100,3.63,9.81,78.8,2.24
37,Bredasdorp,32,ZA,1553565600,87,-34.53,20.04,60.8,1.12
38,Solnechnyy,8,RU,1553569157,70,50.72,136.64,24.78,8.41
39,Isangel,40,VU,1553565600,62,-19.55,169.27,87.8,13.87
40,Albany,1,US,1553568910,30,42.65,-73.75,32.0,6.93
41,Kamenka,36,RU,1553569161,81,53.19,44.05,22.17,7.74
42,Cabra,20,ES,1553569079,81,37.47,-4.43,48.99,1.12
43,Fukue,40,JP,1553569137,58,35.03,136.69,68.0,6.93
44,Port Elizabeth,90,US,1553569148,93,39.31,-74.98,44.6,6.93
45,Kapaa,90,US,1553568804,83,22.08,-159.32,75.2,9.17
46,Westport,44,IE,1553568724,76,53.8,-9.52,48.99,8.86
47,Mahebourg,40,MU,1553569147,94,-20.41,57.7,77.0,12.44
48,Pumiao,90,CN,1553565600,93,22.75,108.49,60.8,4.47
49,Vilhena,56,BR,1553569141,95,-12.74,-60.15,70.86,0.92
50,Burnie,32,AU,1553569135,48,-41.05,145.91,60.01,18.99
51,Fethiye,0,TR,1553569053,93,36.62,29.12,52.0,5.82
52,Vao,12,EE,1553569174,84,59.1,26.19,25.77,8.97
53,Kruisfontein,0,ZA,1553569175,87,-34.0,24.73,57.99,5.61
54,Avarua,76,CK,1553567400,83,-21.21,-159.78,82.4,6.93
55,Viedma,0,AR,1553569177,86,-40.81,-62.99,48.09,7.18
56,Cherskiy,48,RU,1553569178,75,68.75,161.3,7.5,11.99
57,Geraldton,5,CA,1553565600,31,49.72,-86.95,21.2,4.7
58,Vieques,20,PR,1553568942,74,18.43,-65.83,78.8,5.82
59,Bambous Virieux,40,MU,1553569147,94,-20.34,57.76,77.0,12.44
60,Omsukchan,68,RU,1553569183,70,62.53,155.8,4.35,14.23
61,Victoria,75,BN,1553565600,66,5.28,115.24,87.8,5.82
62,Hambantota,0,LK,1553566200,83,6.12,81.12,78.8,4.7
63,Kloulklubed,75,PW,1553565000,70,7.04,134.26,86.0,6.93
64,Buzmeyin,90,TM,1553565600,93,38.05,58.21,50.0,9.17
65,Paveh,20,IR,1553565600,86,35.05,46.36,39.2,4.7
66,Katobu,20,ID,1553569191,91,-4.94,122.53,85.26,3.71
67,Cayenne,0,GF,1553567400,78,4.94,-52.33,77.0,2.24
68,Puerto Ayora,0,EC,1553568338,90,-0.74,-90.35,79.0,1.99
69,Aksu,40,KZ,1553567400,95,52.04,76.93,32.0,6.71
70,Faanui,12,PF,1553569196,100,-16.48,-151.75,83.01,12.1
71,New Norfolk,75,AU,1553569154,36,-42.78,147.06,60.8,18.34
72,Svetlaya,92,RU,1553569199,100,46.54,138.33,28.92,20.49
73,Tuktoyaktuk,20,CA,1553566860,92,69.44,-133.03,14.0,2.24
74,Kyabe,36,TD,1553569201,60,9.45,18.94,80.22,9.42
75,Reconquista,20,AR,1553569203,68,-29.14,-59.64,63.75,13.56
76,Lebu,0,ET,1553565600,51,8.96,38.73,59.0,5.82
77,Port Alfred,8,ZA,1553569209,95,-33.59,26.89,65.46,10.2
78,Fare,88,PF,1553569211,98,-16.7,-151.02,84.45,11.65
79,Bilibino,88,RU,1553569212,67,68.06,166.44,8.49,8.41
80,Mogzon,48,RU,1553569214,51,51.74,111.97,19.83,7.96
81,Atuona,8,PF,1553569170,100,-9.8,-139.03,82.65,14.45
82,Yellowknife,90,CA,1553569103,83,62.45,-114.38,32.0,9.17
83,Chokurdakh,0,RU,1553569218,97,70.62,147.9,0.03,6.85
84,Katsuura,40,JP,1553567676,48,33.93,134.5,60.8,17.22
85,Oranjestad,20,AW,1553565600,78,12.52,-70.03,78.8,18.34
86,Hermanus,32,ZA,1553568355,61,-34.42,19.24,64.0,7.0
87,Port Lincoln,44,AU,1553569223,86,-34.72,135.86,66.0,7.96
88,Minsk Mazowiecki,75,PL,1553569219,96,52.18,21.57,37.0,10.29
89,Norman Wells,75,CA,1553565600,60,65.28,-126.83,41.0,13.87
90,Magadan,24,RU,1553569038,100,59.56,150.8,23.61,12.66
91,Barrow,92,AR,1553569228,75,-38.31,-60.23,53.58,4.27
92,Podor,0,MR,1553569229,87,16.65,-14.96,60.96,11.1
93,Lasa,40,CY,1553568600,81,34.92,32.53,46.4,6.93
94,Auki,0,NG,1553569232,55,12.18,6.51,64.29,2.71
95,Mayo,75,CA,1553565600,65,63.59,-135.9,41.0,11.41
96,Tura,36,IN,1553569234,69,25.52,90.21,77.43,4.16
97,Sitka,100,US,1553568334,70,37.17,-99.65,51.01,8.01
98,Tigil,76,RU,1553569237,88,57.8,158.67,22.35,14.67
99,Staryy Nadym,56,RU,1553569238,93,65.61,72.68,31.17,18.03
100,Hervey Bay,75,AU,1553565600,58,-25.3,152.85,86.0,8.05
101,Paamiut,64,GL,1553569240,100,61.99,-49.67,25.5,25.3
102,Ixtapa,5,MX,1553568922,88,20.71,-105.21,75.0,2.24
103,Chebsara,40,RU,1553567400,92,59.2,38.84,23.0,2.24
104,Laguna,90,MX,1553564640,46,27.52,-110.01,69.8,3.6
105,Hithadhoo,80,MV,1553569245,100,-0.6,73.08,84.45,7.85
106,Sioux Lookout,5,CA,1553565600,37,50.1,-91.92,26.6,2.93
107,Khatanga,80,RU,1553569248,90,71.98,102.47,23.61,14.79
108,Vardo,90,US,1553569247,86,39.62,-77.74,42.01,6.93
109,Ayagoz,24,KZ,1553569250,100,47.96,80.43,27.48,6.62
110,Goderich,0,CA,1553569229,75,43.74,-81.71,32.0,12.77
111,Chute-aux-Outardes,40,CA,1553569097,66,49.12,-68.38,23.0,8.05
112,Vestmanna,92,FO,1553566800,93,62.16,-7.17,46.4,11.41
113,Ekibastuz,64,KZ,1553569255,97,51.72,75.32,29.73,10.42
114,Vaini,8,IN,1553565600,78,15.34,74.49,73.4,3.49
115,Clyde River,90,CA,1553565600,54,70.47,-68.59,-0.41,19.46
116,Shache,0,CN,1553569259,41,38.42,77.24,49.44,4.5
117,Carnarvon,0,ZA,1553569260,89,-30.97,22.13,50.25,12.33
118,Aykhal,0,RU,1553569261,65,65.95,111.51,9.57,3.94
119,Los Llanos de Aridane,0,ES,1553567400,72,28.66,-17.92,60.8,6.93
120,Canala,75,NC,1553567400,55,-21.52,165.96,86.0,9.17
121,Butaritari,80,KI,1553569265,100,3.07,172.79,82.92,14.67
122,Pangody,80,RU,1553569266,93,65.85,74.49,31.89,19.37
123,Tuatapere,80,NZ,1553569209,89,-46.13,167.69,62.01,3.0
124,Sao Joao da Barra,76,BR,1553569240,100,-21.64,-41.05,80.58,11.77
125,Brewster,90,US,1553569267,74,41.76,-70.08,37.99,3.36
126,Kokorevka,40,RU,1553565600,93,52.59,34.27,32.0,6.71
127,Kudahuvadhoo,0,MV,1553569273,100,2.67,72.89,84.36,13.22
128,Portland,90,US,1553569202,81,45.52,-122.67,50.0,5.95
129,Saskylakh,48,RU,1553569173,74,71.97,114.09,5.52,4.94
130,Belaya Gora,8,RU,1553569276,95,68.54,146.19,0.21,6.62
131,Ugep,88,NG,1553569277,88,5.81,8.08,76.53,7.29
132,Ostrovnoy,68,RU,1553569188,88,68.05,39.51,25.23,11.99
133,Hun,75,BE,1553569266,81,50.34,4.87,44.6,4.7
134,Miri,20,NG,1553569281,54,10.31,9.75,63.75,3.49
135,Zaozerne,12,UA,1553569282,91,51.37,23.94,30.45,11.43
136,Gunnedah,90,AU,1553567400,38,-30.98,150.25,77.0,6.93
137,Marawi,20,PH,1553568397,71,8.0,124.29,81.0,5.99
138,Bethel,90,US,1553568240,93,60.79,-161.76,39.2,24.16
139,Teodoro Sampaio,32,BR,1553569287,74,-22.53,-52.17,70.95,5.73
140,Ribeira Grande,88,PT,1553569228,97,38.52,-28.7,61.05,8.97
141,San Quintin,0,PH,1553569289,49,17.54,120.52,85.8,3.94
142,Atambua,12,ID,1553569291,99,-9.11,124.89,83.19,4.83
143,Rajpipla,0,IN,1553567400,50,21.87,73.5,75.2,6.93
144,Georgetown,0,GY,1553565600,88,6.8,-58.16,75.2,4.7
145,Bambanglipuro,56,ID,1553569105,98,-7.95,110.28,81.75,3.94
146,Dikson,88,RU,1553569296,98,73.51,80.55,29.73,14.12
147,Ballina,12,IE,1553569091,90,54.11,-9.15,46.99,1.99
148,Lerwick,75,GB,1553566800,93,60.15,-1.15,44.6,19.46
149,Albertville,0,FR,1553569279,60,45.68,6.39,44.6,13.87
150,Vila Velha,20,BR,1553569217,88,-3.71,-38.6,81.0,2.24
151,Bagamoyo,75,MZ,1553565600,78,-25.89,32.56,77.0,11.41
152,Cabo San Lucas,5,MX,1553569283,56,22.89,-109.91,73.4,8.05
153,Olga,20,US,1553569230,58,34.11,-118.17,66.0,9.17
154,Khasan,0,RU,1553569306,67,42.43,130.64,39.36,15.23
155,Coihaique,0,CL,1553565600,81,-45.58,-72.07,48.2,5.82
156,Salalah,75,OM,1553565000,74,17.01,54.1,78.8,8.05
157,Nibbar,40,TN,1553565600,81,36.29,8.77,51.8,6.93
158,Pozo Colorado,20,PY,1553569310,68,-23.49,-58.8,77.43,10.65
159,Lulea,0,SE,1553566800,78,65.58,22.15,17.6,4.7
160,Castro Alves,68,BR,1553569313,96,-12.76,-39.43,70.95,1.81
161,Dergachi,36,RU,1553569314,77,51.24,48.77,22.89,4.38
162,Yeniseysk,32,RU,1553569315,72,58.45,92.17,28.92,3.38
163,Shahr-e Babak,100,IR,1553569317,81,30.12,55.12,51.78,15.12
164,Oistins,40,BB,1553565600,78,13.07,-59.53,77.0,21.92
165,Baoying,0,CN,1553569187,65,33.24,119.31,82.0,7.63
166,Ulladulla,0,AU,1553569271,24,-35.36,150.48,72.0,8.05
167,Namibe,12,AO,1553569321,100,-15.19,12.15,75.36,4.83
168,La Ronge,20,CA,1553565600,37,55.1,-105.3,35.6,6.93
169,Pyapon,0,MM,1553569324,70,16.29,95.68,85.08,4.05
170,Paka,40,HR,1553567400,80,45.29,18.06,41.0,8.05
171,Dutlwe,68,BW,1553569327,61,-23.98,23.93,69.96,2.71
172,Cocal,92,BR,1553569192,98,-3.47,-41.56,71.58,2.15
173,Linjiang,0,CN,1553569311,42,41.81,126.91,32.88,5.73
174,Massakory,0,TD,1553569330,24,13.0,15.73,74.19,13.33
175,Tegal,88,ID,1553569332,100,-6.87,109.14,77.25,1.59
176,Rawson,0,AR,1553569333,82,-43.3,-65.11,48.9,8.63
177,Victoria,75,BN,1553567400,66,5.28,115.24,87.8,5.82
178,Cidreira,0,BR,1553569336,91,-30.17,-50.22,58.89,3.71
179,Ohafia,80,NG,1553569337,93,5.62,7.83,75.63,5.95
180,Comarapa,76,BO,1553569338,99,-17.91,-64.53,56.1,2.26
181,Codrington,75,AU,1553569154,69,-28.95,153.24,84.2,6.93
182,Mossendjo,76,CG,1553569341,95,-2.95,12.72,70.68,0.81
183,Santa Maria del Oro,0,MX,1553569342,40,25.95,-105.37,55.65,1.59
184,Kieta,44,PG,1553569343,100,-6.22,155.63,79.86,3.6
185,Kihei,40,US,1553568881,42,20.76,-156.45,82.4,20.8
186,Esperance,20,TT,1553569208,83,10.24,-61.45,77.0,4.7
187,Ponta do Sol,20,BR,1553569254,77,-20.63,-46.0,68.88,2.48
188,Garowe,92,SO,1553569348,91,8.41,48.48,72.66,7.52
189,Porto Novo,0,BR,1553565600,77,-23.68,-45.44,69.8,2.71
190,Hay River,90,CA,1553567640,80,60.82,-115.79,39.2,10.29
191,Diego de Almagro,0,CL,1553569352,88,-26.39,-70.05,58.71,2.15
192,Sabancuy,0,MX,1553569353,96,18.97,-91.18,79.05,18.25
193,Torbay,90,CA,1553569106,92,47.66,-52.73,32.0,17.22
194,Shenzhen,20,CN,1553569348,69,22.54,114.05,80.01,13.87
195,Mehamn,76,NO,1553569357,84,71.03,27.85,25.59,11.77
196,Taltal,0,CL,1553569246,96,-25.41,-70.49,55.74,0.92
197,Tabou,12,CI,1553569359,97,4.42,-7.36,83.46,5.84
198,Quatre Cocos,40,MU,1553569147,94,-20.21,57.76,77.0,12.44
199,Kozhevnikovo,0,RU,1553569239,72,56.26,83.98,34.0,2.82
200,Sokoto,36,NG,1553569363,55,13.06,5.24,70.14,3.94
201,Muros,0,ES,1553569354,65,42.77,-9.06,59.0,3.36
202,Coquimbo,90,CL,1553565600,87,-29.95,-71.34,57.2,2.24
203,Yulara,0,AU,1553565600,26,-25.24,130.99,78.8,13.87
204,Marolambo,12,MG,1553569367,87,-20.05,48.13,61.95,2.37
205,Atasu,32,KZ,1553569285,90,48.68,71.64,37.74,13.67
206,Provideniya,75,RU,1553567400,93,64.42,-173.23,35.6,26.84
207,Balaipungut,88,ID,1553569371,86,1.11,101.31,80.85,3.6
208,Tamworth,90,AU,1553569204,38,-31.09,150.93,77.0,6.93
209,Waipawa,8,NZ,1553568557,50,-39.94,176.59,79.0,5.99
210,Kavaratti,0,IN,1553569369,100,10.57,72.64,83.28,1.25
211,El Reno,1,US,1553569216,81,35.53,-97.96,52.0,3.36
212,Rocha,24,UY,1553569377,92,-34.48,-54.34,57.99,6.17
213,Lichinga,32,MZ,1553569378,93,-13.3,35.25,64.83,0.58
214,Rabat,0,MA,1553569266,68,34.02,-6.83,64.4,5.82
215,Bandarbeyla,92,SO,1553569230,100,9.49,50.81,79.86,5.61
216,Kaitangata,80,NZ,1553569262,97,-46.28,169.85,64.56,10.98
217,Saint-Philippe,1,CA,1553569115,49,45.36,-73.48,28.99,6.93
218,Pryozerne,40,UA,1553567400,100,49.42,24.47,33.8,6.71
219,Khvorostyanka,0,RU,1553569385,88,52.62,48.95,25.95,9.75
220,Lima,0,PE,1553568906,78,-12.06,-77.04,71.6,11.41
221,Bhabua,48,IN,1553569387,76,25.04,83.61,71.04,11.54
222,Ancud,0,CL,1553565600,81,-41.87,-73.83,50.0,11.41
223,Atar,0,MR,1553569390,59,20.52,-13.05,55.38,5.61
224,Duvan,88,RU,1553569391,81,55.69,57.9,31.8,11.43
225,Heinola,0,FI,1553569033,62,61.2,26.03,24.8,8.05
226,Srednekolymsk,88,RU,1553569393,52,67.46,153.71,-4.3,7.96
227,Bucerias,5,MX,1553569246,88,20.76,-105.33,73.99,2.24
228,Bronnoysund,0,NO,1553569202,80,65.46,12.2,34.0,2.24
229,Carutapera,88,BR,1553569397,98,-1.2,-46.02,76.71,3.15
230,Iqaluit,20,CA,1553569323,58,63.75,-68.52,-2.01,12.75
231,Anadyr,75,RU,1553569347,91,64.73,177.51,32.0,49.21
232,Ponta Delgada,20,PT,1553569372,76,37.73,-25.67,57.2,14.99
233,Maniitsoq,20,GL,1553569402,83,65.42,-52.9,18.03,11.65
234,Bubaque,0,GW,1553569178,100,11.28,-15.83,75.27,15.23
235,Koscian,90,PL,1553569143,91,52.09,16.65,36.0,8.05
236,Bandiagara,64,ML,1553569406,34,14.35,-3.61,77.34,6.96
237,Saldanha,0,PT,1553569407,44,41.42,-6.55,42.69,16.24
238,Salym,64,RU,1553569408,74,60.06,71.48,32.07,14.79
239,Batemans Bay,0,AU,1553569283,40,-35.71,150.18,70.0,3.0
240,Margate,75,AU,1553569394,36,-43.03,147.26,60.8,18.34
241,Rafaela,92,AR,1553569280,65,-31.25,-61.49,60.01,3.0
242,Boralday,0,KZ,1553567400,57,43.36,76.86,50.0,1.92
243,Pacific Grove,90,US,1553569234,87,36.62,-121.92,62.6,5.82
244,Iwaki,75,JP,1553569401,40,37.05,140.89,55.99,5.82
245,Souillac,0,FR,1553569388,65,45.6,-0.6,41.0,8.05
246,Flinders,0,AU,1553569343,24,-34.58,150.85,75.99,8.05
247,Stokmarknes,20,NO,1553569243,72,68.56,14.91,30.0,5.01
248,Brigantine,90,US,1553569417,93,39.41,-74.36,43.0,6.93
249,Mazsalaca,20,LV,1553569216,89,57.87,25.05,30.0,1.99
250,Sorland,48,NO,1553569422,100,67.67,12.69,36.48,7.85
251,San Borja,80,BO,1553569424,94,-14.86,-66.75,72.93,1.7
252,Linxia,12,CN,1553569223,44,35.6,103.21,44.76,3.04
253,Mount Gambier,90,AU,1553565600,59,-37.83,140.78,62.6,13.87
254,Noyabrsk,76,RU,1553569427,95,63.2,75.45,29.73,16.13
255,Tuy Hoa,76,VN,1553569428,92,13.08,109.3,78.24,8.75
256,Sao Filipe,0,CV,1553569430,100,14.9,-24.5,68.61,8.41
257,Panaba,48,MX,1553569431,74,21.28,-88.27,77.34,6.4
258,Puerto Tejada,40,CO,1553565600,78,3.23,-76.42,73.4,3.36
259,Coracora,0,PE,1553569433,89,-15.02,-73.78,34.14,2.15
260,Narsaq,68,GL,1553565000,67,60.91,-46.05,21.2,11.41
261,Shubarshi,0,KZ,1553569436,76,48.59,57.19,23.88,3.94
262,Chake Chake,8,TZ,1553569437,100,-5.25,39.77,80.58,4.38
263,Mezen,64,RU,1553569438,85,65.85,44.24,24.51,2.48
264,Privolzhye,0,RU,1553569439,76,52.86,48.6,24.15,8.08
265,Kahului,40,US,1553569289,42,20.89,-156.47,82.4,20.8
266,Lucapa,44,AO,1553569442,97,-8.42,20.74,66.81,3.15
267,Hofn,0,IS,1553569443,93,64.25,-15.21,42.24,26.53
268,Oksfjord,68,NO,1553569235,68,70.24,22.35,30.2,28.86
269,Tual,48,ID,1553569445,100,-5.67,132.75,83.19,6.29
270,Nome,1,US,1553569416,93,30.04,-94.42,71.01,7.74
271,Leshukonskoye,64,RU,1553569448,96,64.9,45.76,26.85,2.48
272,Marienburg,75,DE,1553569405,100,52.12,9.98,41.0,9.17
273,Nemuro,40,JP,1553565600,89,43.32,145.57,37.4,5.82
274,San Pedro,0,AR,1553568974,77,-33.68,-59.66,52.0,10.42
275,Maldonado,75,UY,1553565600,77,-34.91,-54.96,62.6,17.22
276,Aswan,0,EG,1553569454,72,24.09,32.9,48.36,2.59
277,Berlevag,20,NO,1553569455,100,70.86,29.09,26.04,11.88
278,Soyo,88,AO,1553569456,96,-6.13,12.37,76.71,2.26
279,Hillsborough,90,US,1553569337,93,37.57,-122.38,57.2,3.36
280,Chala,24,TZ,1553569459,89,-7.6,31.27,56.37,2.26
281,Havre,1,US,1553569253,87,48.55,-109.68,42.8,10.29
282,Luderitz,0,NA,1553569172,82,-26.65,15.16,59.43,15.35
283,Pitkyaranta,76,RU,1553569412,85,61.57,31.48,20.1,2.59
284,Inuvik,40,CA,1553565600,59,68.36,-133.71,37.4,4.7
285,Booue,12,GA,1553569465,99,-0.09,11.94,69.78,1.92
286,Deqing,0,CN,1553569394,63,30.54,119.97,72.0,4.47
287,Biak,76,ID,1553569467,84,-0.91,122.88,83.73,2.37
288,Manokwari,44,ID,1553569345,97,-0.87,134.08,82.38,7.63
289,Leningradskiy,92,RU,1553569470,99,69.38,178.42,20.01,8.3
290,Creston,1,US,1553569383,100,41.06,-94.36,39.2,5.82
291,Pevek,68,RU,1553569285,83,69.7,170.27,15.6,17.81
292,Mehriz,90,IR,1553567400,87,31.58,54.44,55.4,2.24
293,Bonavista,0,CA,1553569235,80,48.65,-53.11,28.99,17.0
294,Gargunnock,90,GB,1553569464,87,56.12,-4.08,45.0,8.05
295,Carauari,44,BR,1553569477,93,-4.88,-66.9,77.07,2.59
296,Northam,0,GB,1553569402,99,51.04,-4.21,39.2,3.36
297,Saint George,0,GR,1553569398,87,39.45,22.34,53.01,4.7
298,Sosnovka,76,RU,1553569481,85,53.23,41.37,26.31,9.64
299,Chuy,100,UY,1553569197,84,-33.69,-53.46,65.28,10.2
300,Kaoma,0,ZM,1553569483,73,-14.8,24.8,65.91,6.96
301,Turayf,75,SA,1553565600,93,31.68,38.65,42.8,13.87
302,Deputatskiy,0,RU,1553569486,80,69.3,139.9,2.55,4.05
303,Kokstad,68,ZA,1553569487,93,-30.55,29.42,52.23,2.59
304,Pringsewu,92,ID,1553569408,94,-5.36,104.98,74.37,2.15
305,Homer,75,US,1553569276,65,59.64,-151.54,46.4,6.93
306,Muravlenko,44,RU,1553569491,96,63.79,74.5,32.43,17.47
307,Uige,92,AO,1553569492,96,-7.61,15.06,69.33,1.7
308,Avera,90,US,1553569450,100,33.19,-82.53,60.8,3.36
309,Boa Vista,0,BR,1553569200,48,2.82,-60.67,86.0,12.75
310,Fortuna,0,ES,1553569477,61,38.18,-1.13,52.0,5.82
311,Havoysund,88,NO,1553566800,68,71.0,24.66,30.2,28.86
312,Tecoanapa,5,MX,1553564520,83,16.99,-99.26,78.8,2.59
313,Benjamin Constant,0,BR,1553565600,100,-4.38,-70.03,78.8,1.7
314,Tessalit,80,ML,1553569445,43,20.2,1.01,74.55,9.98
315,Aguimes,20,ES,1553569328,87,27.91,-15.45,57.2,3.83
316,Sakaiminato,75,JP,1553569396,47,35.55,133.23,61.0,16.11
317,Galveston,1,US,1553569503,59,40.58,-86.19,39.2,10.29
318,Baruun-Urt,88,MN,1553569506,41,46.68,113.28,40.08,5.06
319,Farkhor,90,TJ,1553567400,66,37.49,69.4,57.2,2.71
320,Chapais,40,CA,1553568780,70,49.78,-74.86,-0.41,17.22
321,Pacifica,90,US,1553569231,93,37.61,-122.49,57.2,3.36
322,Paita,8,PE,1553569511,75,-5.09,-81.11,72.93,5.73
323,Thung Song,20,TH,1553565600,66,8.16,99.67,89.6,4.7
324,Kattivakkam,40,IN,1553567400,83,13.22,80.32,82.4,4.7
325,Taranagar,0,IN,1553569514,59,28.67,75.04,66.63,4.61
326,Barra do Garcas,20,BR,1553569515,90,-15.89,-52.26,74.91,4.27
327,Atherton,75,GB,1553569231,100,53.52,-2.49,42.8,2.24
328,Brae,92,GB,1553566800,87,60.4,-1.35,44.6,13.87
329,Gusau,0,NG,1553569519,55,12.17,6.66,64.29,2.71
330,Bintulu,75,MY,1553565600,79,3.17,113.03,86.0,3.36
331,Ahipara,8,NZ,1553569245,67,-35.17,173.16,74.19,15.68
332,Katubao,20,PH,1553565600,49,5.89,124.83,89.6,4.7
333,Phuket,20,TH,1553567400,62,7.89,98.4,86.0,12.75
334,Namatanai,76,PG,1553569335,100,-3.66,152.44,81.66,13.44
335,Pakxan,12,LA,1553569526,75,18.39,103.66,79.68,2.82
336,Dingle,32,PH,1553569527,70,11.0,122.67,82.92,12.77
337,Guerrero Negro,0,MX,1553569529,80,27.97,-114.04,59.88,7.74
338,Ocala,1,US,1553569404,82,29.19,-82.14,69.8,6.93
339,Verkh-Usugli,0,RU,1553569532,33,52.7,115.17,19.29,3.71
340,Redcar,12,GB,1553569512,80,54.62,-1.06,42.01,6.93
341,Mende,0,FR,1553569534,39,44.52,3.5,35.58,14.0
342,Marzuq,0,YE,1553569535,67,14.4,46.47,46.56,3.27
343,Mastic Beach,90,US,1553569531,18,40.77,-72.85,46.0,10.29
344,Batticaloa,0,LK,1553569538,99,7.71,81.69,81.66,4.27
345,Ust-Nera,0,RU,1553569539,68,64.57,143.24,6.96,2.71
346,Mae Hong Son,0,MM,1553565600,60,19.3,97.96,73.4,1.59
347,Port Hardy,90,CA,1553565600,76,50.7,-127.42,50.0,2.24
348,Duekoue,48,CI,1553569543,93,6.74,-7.35,72.93,3.38
349,Sao Luiz Gonzaga,20,BR,1553569307,59,-28.41,-54.96,59.61,8.41
350,Corinto,76,BR,1553569545,72,-18.36,-44.46,74.64,6.73
351,Bikaner,0,IN,1553569546,81,28.02,73.32,67.71,4.61
352,Petropavlovsk-Kamchatskiy,12,RU,1553567400,39,53.05,158.65,30.2,20.13
353,Matara,64,PE,1553569549,97,-13.74,-72.9,44.76,1.92
354,Labranzagrande,0,CO,1553569550,84,5.56,-72.58,61.41,2.15
355,Copiapo,90,CL,1553565600,77,-27.37,-70.33,60.8,6.93
356,Port Blair,0,IN,1553569552,99,11.67,92.75,83.91,10.31
357,Neryungri,20,RU,1553569553,61,56.66,124.71,7.41,13.0
358,Parkes,0,AU,1553569496,39,-33.14,148.18,69.01,5.01
359,Santa Cruz,90,US,1553569293,87,36.97,-122.03,60.01,5.82
360,Galle,1,US,1553569546,48,29.74,-97.91,70.0,9.17
361,Portree,88,GB,1553569210,89,57.41,-6.19,43.0,4.0
362,Adiake,0,CI,1553567400,94,5.29,-3.3,77.0,1.12
363,Sinaloa,1,MX,1553568780,28,32.55,-115.28,80.6,3.36
364,Talnakh,92,RU,1553569395,95,69.49,88.39,27.21,15.46
365,Fakel,92,RU,1553569564,86,57.63,53.03,31.53,13.44
366,Hearst,0,CA,1553569565,58,49.69,-83.67,13.08,5.17
367,Camacha,40,PT,1553567400,77,33.08,-16.33,62.6,19.46
368,Lichuan,56,CN,1553569567,70,30.3,108.94,54.12,3.04
369,Gorahun,44,LR,1553569569,91,8.17,-10.34,72.66,5.28
370,Labuhan,76,ID,1553569354,76,-2.54,115.51,83.46,3.15
371,Moerai,92,PF,1553569571,100,-22.43,-151.33,77.25,12.33
372,Katangli,0,RU,1553569572,95,51.71,143.23,28.92,5.73
373,Kavieng,48,PG,1553569573,100,-2.57,150.8,80.22,7.29
374,Airai,24,TL,1553569559,83,-8.93,125.41,79.14,1.7
375,Gladstone,76,AU,1553568764,55,-23.84,151.26,91.99,10.29
376,Riyadh,40,SA,1553565600,77,24.63,46.72,68.0,12.21
377,Debre Tabor,0,ET,1553569578,59,11.86,38.01,54.66,2.37
378,Porkhov,0,RU,1553565600,92,57.77,29.55,30.2,8.95
379,Iguai,56,BR,1553569580,96,-14.76,-40.09,69.33,2.71
380,Tiksi,0,RU,1553569334,76,71.64,128.87,-3.67,4.38
381,Opuwo,36,NA,1553569583,70,-18.06,13.84,61.86,2.48
382,Beisfjord,80,NO,1553569288,92,68.38,17.6,30.0,11.41
383,Rio Branco,40,BR,1553565600,88,-9.98,-67.82,77.0,3.36
384,Port Macquarie,88,AU,1553569505,61,-31.43,152.91,82.0,6.93
385,Swellendam,32,ZA,1553565600,87,-34.02,20.44,60.8,1.12
386,Nikolskoye,75,RU,1553569537,86,59.7,30.79,30.2,11.18
387,Tevriz,44,RU,1553569590,87,57.51,72.4,26.4,10.42
388,Changji,64,CN,1553569591,66,32.07,116.17,68.7,4.5
389,Mosjoen,0,NO,1553568600,80,65.84,13.19,30.2,2.24
390,Sobolevo,44,RU,1553569594,87,54.43,31.9,28.02,8.75
391,Cockburn Town,88,TC,1553569595,100,21.46,-71.14,75.72,15.35
392,Nadym,56,RU,1553569596,93,65.53,72.51,31.17,18.03
393,Kungalv,0,SE,1553569589,85,57.87,11.98,43.0,5.82
394,Pianco,88,BR,1553569599,100,-7.2,-37.93,68.88,1.7
395,Barmer,0,IN,1553569600,60,25.74,71.4,70.32,8.75
396,Tautira,40,PF,1553569343,62,-17.73,-149.15,87.8,4.7
397,Mechetinskaya,0,RU,1553569602,79,46.77,40.45,32.97,8.3
398,Longyearbyen,20,NO,1553565000,77,78.22,15.63,1.4,2.24
399,Chegdomyn,20,RU,1553569605,48,51.13,133.04,26.85,3.6
400,Shestakovo,0,RU,1553569606,55,56.49,103.96,19.74,3.49
401,Havre-Saint-Pierre,20,CA,1553565600,38,50.23,-63.6,6.8,10.29
402,Tete,40,MZ,1553565600,100,-16.16,33.59,69.8,2.48
403,Egvekinot,88,RU,1553569610,86,66.32,-179.17,21.63,10.76
404,Weligama,0,LK,1553569611,87,5.97,80.42,82.02,8.75
405,Dalbandin,24,PK,1553569612,80,28.9,64.41,58.35,4.61
406,Maple Creek,0,CA,1553569321,86,49.91,-109.46,37.92,12.33
407,Humaita,90,AR,1553565600,93,-24.93,-65.37,66.2,2.37
408,Fuxin,88,CN,1553569616,22,42.02,121.65,41.07,5.5
409,Deer Lake,75,CA,1553565600,72,49.18,-57.43,17.6,8.05
410,Dakar,0,SN,1553567400,82,14.69,-17.45,64.4,5.82
411,Constitucion,5,MX,1553564640,9,23.99,-104.67,75.2,18.34
412,Balakhninskiy,12,RU,1553569621,58,58.01,114.28,11.46,3.15
413,Nijar,12,ES,1553569343,44,36.97,-2.21,64.99,6.93
414,Rundu,44,NA,1553569623,41,-17.91,19.77,71.31,5.61
415,Guerande,0,FR,1553569386,93,48.47,-4.17,42.01,3.36
416,Seoul,1,KR,1553568000,41,37.57,126.98,57.2,2.24
417,Alihe,8,CN,1553569626,44,50.57,123.73,24.51,6.4
418,Svetlogorsk,75,RU,1553567400,74,53.14,59.15,30.2,11.18
419,Caravelas,20,BR,1553569603,100,-17.73,-39.27,82.65,9.64
420,Manaus,0,BR,1553565600,94,-3.13,-59.98,77.0,2.24
421,Yar-Sale,48,RU,1553569599,89,66.83,70.83,27.39,18.48
422,Stonewall,75,CA,1553569559,53,50.13,-97.33,27.0,6.93
423,Gweta,0,BW,1553569634,54,-20.21,25.26,67.71,6.62
424,Amasya,0,TR,1553566800,85,40.65,35.83,23.0,4.7
425,Martinez,90,US,1553569628,87,38.01,-122.13,57.2,6.93
426,Lavrentiya,80,RU,1553569637,91,65.58,-170.99,33.87,24.85
427,Yerofey Pavlovich,0,RU,1553569639,32,53.97,121.97,16.95,5.73
428,Necochea,92,AR,1553569278,66,-38.55,-58.74,57.0,3.0
429,Sabang,24,PH,1553569641,77,13.72,123.58,83.1,13.22
430,Fort Nelson,40,CA,1553565600,31,58.81,-122.69,50.0,2.24
431,Kaeo,0,NZ,1553569385,62,-35.1,173.78,75.99,11.01
432,Umm Lajj,0,SA,1553569645,100,25.02,37.27,59.61,6.96
433,Broome,32,GB,1553569630,85,52.47,1.45,37.99,5.82
434,Saravena,0,CO,1553569647,76,6.96,-71.88,71.58,2.93
435,San Patricio,32,PY,1553569648,56,-26.98,-56.83,66.63,5.95
436,Haines Junction,48,CA,1553569649,64,60.75,-137.51,34.23,2.04
437,Naliya,0,IN,1553569651,46,23.26,68.83,75.27,9.19
438,Manzhouli,36,CN,1553569652,23,49.6,117.43,24.51,7.18
439,Nanortalik,80,GL,1553569653,100,60.14,-45.24,26.76,21.27
440,Pisco,75,PE,1553565600,77,-13.71,-76.2,69.8,16.11
441,Makakilo City,90,US,1553569648,69,21.35,-158.09,82.4,9.17
442,Puerto Pailas,75,BO,1553565600,88,-17.67,-62.79,75.2,8.05
443,Arvika,0,SE,1553568217,59,59.65,12.59,33.8,8.05
444,Antigonish,1,CA,1553569391,85,45.62,-61.99,28.0,5.28
445,Yaring,40,TH,1553565600,79,6.87,101.37,84.2,6.93
446,Fayaoue,80,NC,1553569662,100,-20.65,166.53,80.76,18.59
447,Tay Ninh,12,VN,1553569663,87,11.3,106.1,83.1,4.5
448,Marystown,0,CA,1553569273,100,47.17,-55.16,28.0,21.05
449,Benguela,76,AO,1553569414,100,-12.58,13.4,77.16,1.7
450,Borujerd,75,IR,1553565600,52,33.89,48.76,44.6,2.59
451,Sindor,88,RU,1553569668,94,62.87,51.9,32.07,2.59
452,Conakry,0,GN,1553569669,100,9.52,-13.7,78.96,10.65
453,Ipixuna,40,BR,1553565600,94,-1.76,-48.8,75.2,3.15
454,Inirida,24,CO,1553569672,85,3.87,-67.92,77.7,3.27
455,Karratha,92,AU,1553569664,97,-20.74,116.85,77.88,12.21
456,Kemin,0,KG,1553569674,74,42.79,75.7,27.75,1.92
457,Esmeraldas,0,BR,1553565600,68,-19.76,-44.31,71.6,5.82
458,Klaksvik,92,FO,1553566800,93,62.23,-6.59,46.4,11.41
459,Balao,90,EC,1553569538,83,-2.91,-79.82,80.6,2.82
460,Baft,92,IR,1553569679,89,29.23,56.61,44.49,8.41
461,Inta,88,RU,1553569680,84,66.04,60.13,33.6,6.17
462,Kenscoff,92,HT,1553569517,90,18.45,-72.29,75.0,2.15
463,Kutum,0,SD,1553569683,24,14.2,24.66,61.32,11.21
464,Vastseliina,12,EE,1553565600,92,57.73,27.29,30.2,8.95
465,Marsh Harbour,64,BS,1553569520,100,26.54,-77.06,73.83,6.96
466,Mana,75,RS,1553567400,86,43.52,20.24,41.0,3.36
467,Whitehorse,75,CA,1553569254,34,60.72,-135.06,48.2,6.93
468,Teguldet,0,RU,1553569689,73,57.31,88.17,30.63,3.49
469,Ossora,64,RU,1553569690,91,59.24,163.07,21.27,25.86
470,Saint-Pierre,40,FR,1553569632,91,48.95,4.24,39.2,10.29
471,Mocuba,0,MZ,1553569693,91,-16.84,36.99,65.91,2.71
472,Padang,40,ID,1553565600,74,-0.92,100.36,84.2,1.12
473,Ulaangom,32,MN,1553569696,73,49.98,92.07,19.02,2.82
474,Songea,88,TZ,1553569697,97,-10.68,35.65,67.98,1.92
475,Severo-Kurilsk,56,RU,1553569698,100,50.68,156.12,28.83,20.04
476,Slave Lake,40,CA,1553565600,84,55.28,-114.77,41.0,5.82
477,Matay,0,EG,1553569700,81,28.42,30.79,44.58,2.71
478,Grindavik,90,IS,1553569182,86,63.84,-22.43,42.01,31.09
479,Daru,24,SL,1553569703,90,7.99,-10.85,74.55,5.17
480,Itarema,64,BR,1553569704,98,-2.92,-39.92,75.99,3.6
481,Lafiagi,20,NG,1553569706,64,8.85,5.42,82.02,7.52
482,Iracoubo,88,GF,1553569707,74,5.48,-53.21,77.88,5.17
483,Hamilton,5,CA,1553569419,46,43.26,-79.87,32.0,12.75
484,Kapit,92,MY,1553569710,88,2.02,112.94,79.14,2.82
485,Talara,8,PE,1553569483,75,-4.58,-81.27,72.93,5.73
486,Smithers,20,CA,1553565600,42,54.78,-127.17,44.6,4.7
487,Krasnomayskiy,8,RU,1553567400,92,55.0,82.52,24.8,6.62
488,Sambava,32,MG,1553569653,100,-14.27,50.17,79.95,4.61
489,Mpanda,76,TZ,1553569715,93,-6.34,31.07,63.75,2.93
490,Kencong,68,ID,1553569717,96,-7.78,112.24,78.42,2.93
491,Mount Isa,90,AU,1553567820,100,-20.73,139.49,75.2,14.99
492,Touros,40,BR,1553565600,88,-5.2,-35.46,78.8,2.24
493,Verkhnevilyuysk,0,RU,1553569720,57,63.45,120.31,13.8,3.71
494,Ios,0,GR,1553568600,66,36.73,25.28,53.6,9.75
495,Eenhana,100,NA,1553565600,64,-17.48,16.34,75.2,6.93
496,Mogeiro,0,BR,1553565600,83,-7.3,-35.48,78.8,2.24
497,Plettenberg Bay,44,ZA,1553569725,100,-34.05,23.37,63.03,4.83
498,Selfoss,90,IS,1553569249,86,63.94,-21.0,42.01,21.92
499,Hammerfest,88,NO,1553566800,68,70.66,23.68,30.2,28.86
500,San Cristobal,75,EC,1553568369,93,-0.39,-78.55,59.0,5.82
501,Saint-Michel-des-Saints,44,CA,1553569640,6,46.68,-73.92,21.99,1.01
502,Huanren,24,CN,1553569731,37,41.26,125.37,39.45,3.15
503,Tomatlan,0,MX,1553569732,76,19.93,-105.25,68.79,2.71
504,Saint Anthony,1,US,1553569527,64,43.97,-111.68,44.6,4.7
505,Bathsheba,40,BB,1553565600,78,13.22,-59.52,77.0,21.92
506,Birao,0,CF,1553569736,59,10.3,22.78,74.73,6.4
507,Horsham,44,AU,1553569737,77,-36.71,142.2,64.56,11.65
508,Itumbiara,56,BR,1553569738,86,-18.41,-49.22,72.21,4.94
509,Lermontovka,88,RU,1553569740,75,47.15,134.34,27.39,12.66
510,Sao Gabriel da Cachoeira,12,BR,1553569741,91,-0.13,-67.09,77.88,2.15
511,College,90,US,1553569507,93,64.86,-147.8,44.6,4.7
512,San Ignacio,36,CL,1553565600,71,-36.8,-72.03,55.4,2.24
513,Nyurba,20,RU,1553569745,65,63.29,118.35,14.79,3.71
514,Bar Harbor,1,US,1553569719,36,44.39,-68.2,32.0,6.93
515,Flin Flon,8,CA,1553569747,59,54.77,-101.88,25.95,6.96
516,Yerbogachen,32,RU,1553569748,72,61.28,108.01,17.13,5.39
517,Poya,12,NC,1553569750,97,-21.35,165.16,79.68,14.45
518,Komsomolskiy,88,RU,1553569751,91,67.55,63.78,28.74,15.46
519,Vostok,80,RU,1553569571,79,46.45,135.83,26.76,5.95
520,Jieshi,20,CN,1553569753,87,22.82,115.83,72.93,13.11
521,Iskilip,0,TR,1553569754,75,40.73,34.47,16.68,1.81
522,Ibirama,12,BR,1553569756,91,-27.05,-49.52,60.69,3.71
523,Sisimiut,68,GL,1553569596,85,66.94,-53.67,14.07,2.37
524,Poum,24,MK,1553569618,81,41.28,20.71,29.82,1.7
525,Makaha,90,US,1553569648,69,21.47,-158.22,82.4,9.17
526,Ishigaki,75,JP,1553565600,68,24.34,124.16,71.6,14.99
527,Durban,40,FR,1553569700,51,43.54,0.58,41.0,4.7
528,Bryan,1,US,1553569415,59,30.67,-96.37,68.0,6.93
529,Zhigansk,0,RU,1553569467,59,66.77,123.37,4.98,4.38
530,Jiaohe,0,CN,1553569765,53,43.72,127.34,33.15,5.95
531,San Policarpo,92,PH,1553569766,100,12.18,125.51,76.53,10.65
532,Alice Springs,0,AU,1553567400,31,-23.7,133.88,77.0,17.22
533,Emerald,40,AU,1553569750,52,-23.53,148.16,90.0,10.29
534,Masallatah,0,LY,1553569770,76,32.62,14.0,42.15,6.85
535,Requena,0,ES,1553569747,75,39.49,-1.1,52.0,3.36
536,Buraydah,0,SA,1553565600,66,26.33,43.97,55.4,18.34
537,Mnogovershinnyy,36,RU,1553569773,61,53.94,139.92,21.0,4.61
538,Honiara,56,SB,1553569775,100,-9.43,159.96,79.23,2.37
539,Neya,0,RU,1553569776,85,58.29,43.89,20.1,8.63
540,Bulungu,36,CD,1553569777,97,-4.54,18.6,69.6,2.59
541,Cabedelo,0,BR,1553565600,83,-6.97,-34.84,78.8,2.24
542,Beitbridge,0,ZA,1553569779,97,-22.21,29.99,66.27,4.5
543,Naryan-Mar,80,RU,1553569781,81,67.67,53.09,25.59,5.84
544,Piney Green,90,US,1553569753,100,35.09,-78.48,57.99,2.37
545,Rize,40,TR,1553568600,71,41.02,40.52,41.0,5.82
546,Lodja,92,CD,1553569784,95,-3.52,23.6,71.31,2.37
547,Arman,0,RU,1553569785,65,59.7,150.17,18.75,10.87
548,Cap Malheureux,40,MU,1553569746,94,-19.98,57.61,77.0,15.23
549,Mahajanga,40,MG,1553565600,94,-15.72,46.32,78.8,4.7
550,Murgab,75,TM,1553565600,93,37.5,61.97,55.4,6.93
551,Praia,0,BR,1553565600,78,-20.25,-43.81,71.6,4.7
552,Rovaniemi,0,FI,1553568600,57,66.5,25.72,19.4,5.82
553,Mackenzie,1,CA,1553565600,75,55.34,-123.09,41.0,2.04
554,Hoopstad,0,ZA,1553569794,100,-27.83,25.91,58.8,8.52
555,Leh,56,IN,1553569795,83,34.16,77.58,-0.16,1.14
556,Agaro,80,ET,1553569796,74,7.86,36.59,60.78,2.59
557,Tadine,48,NC,1553569797,89,-21.55,167.88,81.39,19.48
558,Ritchie,0,ZA,1553565600,87,-29.03,24.6,59.0,6.93
